{"cameraMode":{"drawMode":0,"name":"Shaded","section":"Shading Mode"},"sceneLighting":true,"audioPlay":false,"sceneViewState":{"m_AlwaysRefresh":false,"showFog":true,"showSkybox":true,"showFlares":true,"showImageEffects":true,"showParticleSystems":true,"showVisualEffectGraphs":true,"m_FxEnabled":true},"in2DMode":false,"pivot":{"x":-0.7830843925476074,"y":-1.9886960983276368,"z":3.2219066619873049},"rotation":{"x":-0.09526620805263519,"y":0.8674610257148743,"z":-0.18245430290699006,"w":-0.4529324769973755},"size":5.056890964508057,"orthographic":false}